Date,Actual,Predicted,Signal,Confidence,Positive_Sentiment,Negative_Sentiment,Neutral_Sentiment
2022-11-10 00:00:00,134.78,128.36113,0.0,0.8117633360921462,0.2495262771844864,0.0184205900877714,0.7320531010627747
2022-11-11 00:00:00,133.13,128.91843,0.0,0.8764934461487355,0.2495262771844864,0.0184205900877714,0.7320531010627747
2022-11-14 00:00:00,133.25,129.21346,0.0,0.8816262522051411,0.8306064009666443,0.0572956204414367,0.1120979934930801
2022-11-15 00:00:00,133.08,129.3915,0.0,0.8918326906444737,0.8306064009666443,0.0572956204414367,0.1120979934930801
2022-11-16 00:00:00,133.02,129.58595,0.0,0.8992948023105294,0.8306064009666443,0.0572956204414367,0.1120979934930801
2022-11-17 00:00:00,132.96,129.7555,0.0,0.9060261924945012,0.8306064009666443,0.0572956204414367,0.1120979934930801
2022-11-18 00:00:00,134.57,129.799,0.0,0.8600878584070292,0.8306064009666443,0.0572956204414367,0.1120979934930801
2022-11-21 00:00:00,134.63,130.09537,0.0,0.8670195727753851,0.8306064009666443,0.0572956204414367,0.1120979934930801
2022-11-22 00:00:00,135.8,130.24084,0.0,0.8369749186675217,0.8306064009666443,0.0572956204414367,0.1120979934930801
2022-11-23 00:00:00,136.34,130.64027,0.0,0.8328526113739461,0.5151326656341553,0.0323736518621444,0.4524937272071838
2022-11-25 00:00:00,137.15,131.02176,0.0,0.820286188656983,0.5151326656341553,0.0323736518621444,0.4524937272071838
2022-11-28 00:00:00,136.12,131.53839,0.0,0.8656419681314149,0.5151326656341553,0.0323736518621444,0.4524937272071838
2022-11-29 00:00:00,135.78,131.66061,0.0,0.8791968918965359,0.5151326656341553,0.0323736518621444,0.4524937272071838
2022-11-30 00:00:00,139.02,131.71135,0.0,0.7856700729414862,0.5151326656341553,0.0323736518621444,0.4524937272071838
2022-12-01 00:00:00,139.42,132.24866,0.0,0.7896966928610708,0.5151326656341553,0.0323736518621444,0.4524937272071838
2022-12-02 00:00:00,139.78,132.66429,0.0,0.7913281930157167,0.5151326656341553,0.0323736518621444,0.4524937272071838
2022-12-05 00:00:00,138.44,133.49522,0.0,0.8549919061297196,0.0440917201340198,0.0106859076768159,0.9452223181724548
2022-12-06 00:00:00,137.39,134.06223,0.0,0.9024113003459499,0.0440917201340198,0.0106859076768159,0.9452223181724548
2022-12-07 00:00:00,138.52,134.31671,0.0,0.8767364054481303,0.0440917201340198,0.0106859076768159,0.9452223181724548
2022-12-08 00:00:00,139.77,134.79291,0.0,0.8540442145115467,0.0440917201340198,0.0106859076768159,0.9452223181724548
2022-12-09 00:00:00,137.98,135.34021,0.0,0.9225868023735341,0.0440917201340198,0.0106859076768159,0.9452223181724548
2022-12-12 00:00:00,139.45,135.49016,0.0,0.8838756035499912,0.0440917201340198,0.0106859076768159,0.9452223181724548
2022-12-13 00:00:00,139.88,135.84027,0.0,0.8815328737857406,0.0440917201340198,0.0106859076768159,0.9452223181724548
2022-12-14 00:00:00,140.1,136.02614,0.0,0.8805319151221135,0.3977189660072326,0.4130754768848419,0.1892055124044418
2022-12-15 00:00:00,137.53,136.06871,-1.0,0.9571469304149102,0.3977189660072326,0.4130754768848419,0.1892055124044418
2022-12-16 00:00:00,135.53,135.78859,1.0,0.9924167308639571,0.3977189660072326,0.4130754768848419,0.1892055124044418
2022-12-19 00:00:00,134.47,135.16704,1.0,0.9795590039921646,0.3977189660072326,0.4130754768848419,0.1892055124044418
2022-12-20 00:00:00,134.44,134.7169,1.0,0.9918796572867027,0.3977189660072326,0.4130754768848419,0.1892055124044418
2022-12-21 00:00:00,136.21,134.4083,0.0,0.9471640667957293,0.3977189660072326,0.4130754768848419,0.1892055124044418
2022-12-22 00:00:00,136.02,134.44705,-1.0,0.9538724927258978,0.3977189660072326,0.4130754768848419,0.1892055124044418
2022-12-23 00:00:00,136.1,134.45056,-1.0,0.9516293701887831,0.2236169725656509,0.0282147917896509,0.7481682300567627
2022-12-27 00:00:00,135.75,134.41888,-1.0,0.9609643483092009,0.2236169725656509,0.0282147917896509,0.7481682300567627
2022-12-28 00:00:00,134.87,134.2268,-1.0,0.9811380246517594,0.2236169725656509,0.0282147917896509,0.7481682300567627
2022-12-29 00:00:00,136.34,133.9401,0.0,0.9296215247548569,0.2236169725656509,0.0282147917896509,0.7481682300567627
2022-12-30 00:00:00,135.85,133.92938,0.0,0.9436769010034826,0.2236169725656509,0.0282147917896509,0.7481682300567627
2023-01-03 00:00:00,135.46,133.80695,-1.0,0.9515233372663121,0.2236169725656509,0.0282147917896509,0.7481682300567627
2023-01-04 00:00:00,135.82,133.57027,0.0,0.9340254171153319,0.2236169725656509,0.0282147917896509,0.7481682300567627
2023-01-05 00:00:00,134.43,133.37917,-1.0,0.9691837433845765,0.3467407524585724,0.0404649600386619,0.6127942800521851
2023-01-06 00:00:00,135.67,132.9818,0.0,0.9211670458841188,0.3467407524585724,0.0404649600386619,0.6127942800521851
2023-01-09 00:00:00,133.4,132.82068,-1.0,0.9830111058925951,0.3467407524585724,0.0404649600386619,0.6127942800521851
2023-01-10 00:00:00,134.52,132.23666,0.0,0.9330399946732951,0.3467407524585724,0.0404649600386619,0.6127942800521851
2023-01-11 00:00:00,135.28,131.94519,0.0,0.9022049979380499,0.3467407524585724,0.0404649600386619,0.6127942800521851
2023-01-12 00:00:00,134.85,131.86104,0.0,0.9123471615251559,0.3467407524585724,0.0404649600386619,0.6127942800521851
2023-01-13 00:00:00,135.45,131.69397,0.0,0.8898524846499271,0.3824809789657593,0.032364509999752,0.5851545333862305
2023-01-17 00:00:00,134.82,131.74054,0.0,0.9096932419583946,0.3824809789657593,0.032364509999752,0.5851545333862305
2023-01-18 00:00:00,132.92,131.65501,-1.0,0.9629036374805264,0.3824809789657593,0.032364509999752,0.5851545333862305
2023-01-19 00:00:00,133.24,131.04655,0.0,0.9356760869627472,0.3824809789657593,0.032364509999752,0.5851545333862305
2023-01-20 00:00:00,133.91,130.78432,0.0,0.9083377424223333,0.3824809789657593,0.032364509999752,0.5851545333862305
2023-01-23 00:00:00,134.37,130.95473,0.0,0.8998453716378756,0.3824809789657593,0.032364509999752,0.5851545333862305
2023-01-24 00:00:00,133.48,131.13493,0.0,0.9312297205771173,0.3824809789657593,0.032364509999752,0.5851545333862305
2023-01-25 00:00:00,133.52,131.18044,0.0,0.9313910610165411,0.2808939814567566,0.1230895668268203,0.5960164070129395
2023-01-26 00:00:00,133.77,131.16223,0.0,0.9235258488361434,0.2808939814567566,0.1230895668268203,0.5960164070129395
2023-01-27 00:00:00,132.86,131.13591,0.0,0.9494401769554157,0.2808939814567566,0.1230895668268203,0.5960164070129395
2023-01-30 00:00:00,131.66,130.98091,-1.0,0.9800853740434844,0.2808939814567566,0.1230895668268203,0.5960164070129395
2023-01-31 00:00:00,133.36,130.4002,0.0,0.9132025665551682,0.2808939814567566,0.1230895668268203,0.5960164070129395
2023-02-01 00:00:00,133.99,130.32613,0.0,0.8925550175552142,0.2808939814567566,0.1230895668268203,0.5960164070129395
2023-02-02 00:00:00,133.08,130.16461,0.0,0.9145047453491566,0.2808939814567566,0.1230895668268203,0.5960164070129395
2023-02-03 00:00:00,132.69,129.9479,0.0,0.9195867007079364,0.1192163378000259,0.0209136456251144,0.8598700165748596
2023-02-06 00:00:00,131.95,129.8545,0.0,0.9385486054630228,0.1192163378000259,0.0209136456251144,0.8598700165748596
2023-02-07 00:00:00,132.8,129.84749,0.0,0.9134160822088065,0.1192163378000259,0.0209136456251144,0.8598700165748596
2023-02-08 00:00:00,132.41,130.04291,0.0,0.9305838039543622,0.1192163378000259,0.0209136456251144,0.8598700165748596
2023-02-09 00:00:00,131.25,130.33437,-1.0,0.9731485584963802,0.1192163378000259,0.0209136456251144,0.8598700165748596
2023-02-10 00:00:00,132.49,130.17348,0.0,0.9320667792625089,0.1192163378000259,0.0209136456251144,0.8598700165748596
2023-02-13 00:00:00,133.59,130.42287,0.0,0.9071221941726997,0.1192163378000259,0.0209136456251144,0.8598700165748596
2023-02-14 00:00:00,132.8,130.83977,0.0,0.94251517466436,0.0552068166434764,0.0635013133287429,0.881291925907135
2023-02-15 00:00:00,132.14,130.9367,-1.0,0.9647128018465914,0.0552068166434764,0.0635013133287429,0.881291925907135
2023-02-16 00:00:00,130.82,130.87778,1.0,0.9983056569029507,0.0552068166434764,0.0635013133287429,0.881291925907135
2023-02-17 00:00:00,131.99,130.46213,-1.0,0.9551943602799667,0.0552068166434764,0.0635013133287429,0.881291925907135
2023-02-21 00:00:00,130.28,130.24477,-1.0,0.9989667517698405,0.0552068166434764,0.0635013133287429,0.881291925907135
2023-02-22 00:00:00,129.84,129.8303,-1.0,0.9997157480010538,0.0552068166434764,0.0635013133287429,0.881291925907135
2023-02-23 00:00:00,130.19,129.51671,-1.0,0.9802553775373443,0.0552068166434764,0.0635013133287429,0.881291925907135
2023-02-24 00:00:00,128.51,129.19646,1.0,0.9798692988510352,0.8727014660835266,0.1090695559978485,0.0182289984077215
2023-02-27 00:00:00,128.12,128.6214,1.0,0.9852962191853007,0.8727014660835266,0.1090695559978485,0.0182289984077215
2023-02-28 00:00:00,127.17,128.18637,1.0,0.9701944032372618,0.8727014660835266,0.1090695559978485,0.0182289984077215
2023-03-01 00:00:00,126.96,127.35139,1.0,0.9885223746649329,0.8727014660835266,0.1090695559978485,0.0182289984077215
2023-03-02 00:00:00,127.74,126.530624,-1.0,0.9645344395791332,0.8727014660835266,0.1090695559978485,0.0182289984077215
2023-03-03 00:00:00,129.17,126.06091,0.0,0.9088244306726544,0.8727014660835266,0.1090695559978485,0.0182289984077215
2023-03-06 00:00:00,129.11,125.966515,0.0,0.9078156770499217,0.8959774971008301,0.0728940144181251,0.031128454953432
2023-03-07 00:00:00,127.03,125.87548,-1.0,0.966143127620395,0.8959774971008301,0.0728940144181251,0.031128454953432
2023-03-08 00:00:00,126.35,125.08889,-1.0,0.9630173042722463,0.8959774971008301,0.0728940144181251,0.031128454953432
2023-03-09 00:00:00,125.07,124.14404,-1.0,0.972845834860704,0.8959774971008301,0.0728940144181251,0.031128454953432
2023-03-10 00:00:00,124.15,122.90802,-1.0,0.9635782996929984,0.8959774971008301,0.0728940144181251,0.031128454953432
2023-03-13 00:00:00,125.31,121.30875,0.0,0.8826611829293438,0.8959774971008301,0.0728940144181251,0.031128454953432
2023-03-14 00:00:00,126.43,120.43462,0.0,0.8241825137320151,0.8959774971008301,0.0728940144181251,0.031128454953432
2023-03-15 00:00:00,126.32,120.643616,0.0,0.8335371179664592,0.031015308573842,0.0164761580526828,0.9525086283683776
2023-03-16 00:00:00,127.5,120.44571,0.0,0.7931293028890213,0.031015308573842,0.0164761580526828,0.9525086283683776
2023-03-17 00:00:00,125.86,120.96061,0.0,0.8563228573617349,0.031015308573842,0.0164761580526828,0.9525086283683776
2023-03-20 00:00:00,126.96,121.34317,0.0,0.8352835825811036,0.031015308573842,0.0164761580526828,0.9525086283683776
2023-03-21 00:00:00,127.73,122.57666,0.0,0.8488756644061582,0.031015308573842,0.0164761580526828,0.9525086283683776
2023-03-22 00:00:00,125.8,124.00627,0.0,0.9473979871643604,0.031015308573842,0.0164761580526828,0.9525086283683776
2023-03-23 00:00:00,125.56,124.6356,-1.0,0.9728914143402905,0.031015308573842,0.0164761580526828,0.9525086283683776
2023-03-24 00:00:00,127.3,125.15354,0.0,0.9370540048369915,0.8796951174736023,0.0298871770501136,0.0904177278280258
2023-03-27 00:00:00,127.82,126.13726,-1.0,0.9506527987393468,0.8796951174736023,0.0298871770501136,0.0904177278280258
2023-03-28 00:00:00,127.05,126.927956,-1.0,0.9964209861419768,0.8796951174736023,0.0298871770501136,0.0904177278280258
2023-03-29 00:00:00,127.4,127.39822,-1.0,0.9999476905442402,0.8796951174736023,0.0298871770501136,0.0904177278280258
2023-03-30 00:00:00,128.09,127.694885,-1.0,0.9884130572993034,0.8796951174736023,0.0298871770501136,0.0904177278280258
2023-03-31 00:00:00,129.46,127.95714,-1.0,0.9559278023907164,0.8796951174736023,0.0298871770501136,0.0904177278280258
2023-04-03 00:00:00,130.91,128.12067,0.0,0.9182013637509165,0.8796951174736023,0.0298871770501136,0.0904177278280258
2023-04-04 00:00:00,130.93,128.41998,0.0,0.9263924607083942,0.0738528296351432,0.0159403029829263,0.9102069139480592
2023-04-05 00:00:00,133.19,128.3186,0.0,0.8571437981121702,0.0738528296351432,0.0159403029829263,0.9102069139480592
2023-04-06 00:00:00,133.52,128.58507,0.0,0.8552805791502471,0.0738528296351432,0.0159403029829263,0.9102069139480592
2023-04-10 00:00:00,133.43,129.30829,0.0,0.8791286971911655,0.0738528296351432,0.0159403029829263,0.9102069139480592
2023-04-11 00:00:00,133.88,129.87285,0.0,0.8824882261214719,0.0738528296351432,0.0159403029829263,0.9102069139480592
2023-04-12 00:00:00,133.92,130.46399,0.0,0.898650711372801,0.0738528296351432,0.0159403029829263,0.9102069139480592
2023-04-13 00:00:00,135.66,131.0278,0.0,0.8641584021604657,0.0738528296351432,0.0159403029829263,0.9102069139480592
2023-04-14 00:00:00,134.57,131.86023,0.0,0.9205345892137099,0.855426013469696,0.1313466578722,0.0132272550836205
2023-04-17 00:00:00,134.46,132.20064,0.0,0.9337430444980295,0.855426013469696,0.1313466578722,0.0132272550836205
2023-04-18 00:00:00,133.54,132.33876,-1.0,0.9647730315535651,0.855426013469696,0.1313466578722,0.0132272550836205
2023-04-19 00:00:00,133.95,132.19916,0.0,0.948655651461694,0.855426013469696,0.1313466578722,0.0132272550836205
2023-04-20 00:00:00,133.4,132.10376,-1.0,0.9619870899010262,0.855426013469696,0.1313466578722,0.0132272550836205
2023-04-21 00:00:00,134.3,131.84836,0.0,0.9281043447007878,0.855426013469696,0.1313466578722,0.0132272550836205
2023-04-24 00:00:00,135.05,131.7162,0.0,0.9022346563702801,0.855426013469696,0.1313466578722,0.0132272550836205
2023-04-25 00:00:00,133.61,131.66927,0.0,0.9430869720548475,0.1378953009843826,0.8418208956718445,0.0202837996184825
2023-04-26 00:00:00,131.71,131.27711,-1.0,0.9873054213537846,0.1378953009843826,0.8418208956718445,0.0202837996184825
2023-04-27 00:00:00,132.4,130.30217,0.0,0.938480052780196,0.1378953009843826,0.8418208956718445,0.0202837996184825
2023-04-28 00:00:00,133.53,129.73839,0.0,0.8888090340622709,0.1378953009843826,0.8418208956718445,0.0202837996184825
2023-05-01 00:00:00,134.22,129.5968,0.0,0.8644223389387831,0.1378953009843826,0.8418208956718445,0.0202837996184825
2023-05-02 00:00:00,133.64,129.71367,0.0,0.8848583232622347,0.1378953009843826,0.8418208956718445,0.0202837996184825
2023-05-03 00:00:00,133.46,129.55568,0.0,0.8855037924131688,0.725381076335907,0.1179749742150306,0.1566439419984817
2023-05-04 00:00:00,132.4,129.77388,0.0,0.9229876834276483,0.725381076335907,0.1179749742150306,0.1566439419984817
2023-05-05 00:00:00,133.59,129.8861,0.0,0.8913810304882239,0.725381076335907,0.1179749742150306,0.1566439419984817
2023-05-08 00:00:00,133.3,130.31343,0.0,0.9124173251065337,0.725381076335907,0.1179749742150306,0.1566439419984817
2023-05-09 00:00:00,132.41,130.46906,0.0,0.9430807969437318,0.725381076335907,0.1179749742150306,0.1566439419984817
2023-05-10 00:00:00,132.78,130.22786,0.0,0.925157170002062,0.725381076335907,0.1179749742150306,0.1566439419984817
2023-05-11 00:00:00,132.37,129.94415,0.0,0.9288607868630864,0.725381076335907,0.1179749742150306,0.1566439419984817
2023-05-12 00:00:00,132.19,129.43611,0.0,0.919240804991065,0.1070424169301986,0.8849554061889648,0.0080022132024168
2023-05-15 00:00:00,131.96,129.08192,0.0,0.9155989571400749,0.1070424169301986,0.8849554061889648,0.0080022132024168
2023-05-16 00:00:00,130.86,128.63907,0.0,0.9348700470239182,0.1070424169301986,0.8849554061889648,0.0080022132024168
2023-05-17 00:00:00,131.02,128.01347,0.0,0.9118320677637002,0.1070424169301986,0.8849554061889648,0.0080022132024168
2023-05-18 00:00:00,130.7,127.48311,0.0,0.9056630064665051,0.1070424169301986,0.8849554061889648,0.0080022132024168
2023-05-19 00:00:00,131.31,127.27059,0.0,0.8815422796433972,0.1070424169301986,0.8849554061889648,0.0080022132024168
2023-05-22 00:00:00,131.44,127.44655,0.0,0.8828899842203538,0.1070424169301986,0.8849554061889648,0.0080022132024168
2023-05-23 00:00:00,130.0,127.62718,0.0,0.9304158946286198,0.6317481994628906,0.3559364378452301,0.0123153021559119
2023-05-24 00:00:00,129.11,127.9391,-1.0,0.9656628203182273,0.6317481994628906,0.3559364378452301,0.0123153021559119
2023-05-25 00:00:00,127.79,128.17654,1.0,0.9886643932711695,0.6317481994628906,0.3559364378452301,0.0123153021559119
2023-05-26 00:00:00,127.53,127.90076,1.0,0.9891273655150293,0.6317481994628906,0.3559364378452301,0.0123153021559119
2023-05-30 00:00:00,126.74,127.671326,1.0,0.9726883963755497,0.6317481994628906,0.3559364378452301,0.0123153021559119
2023-05-31 00:00:00,127.83,127.09608,-1.0,0.9784773303616432,0.6317481994628906,0.3559364378452301,0.0123153021559119
2023-06-01 00:00:00,128.67,126.67269,0.0,0.9414278986866527,0.6317481994628906,0.3559364378452301,0.0123153021559119
2023-06-02 00:00:00,130.32,126.61186,0.0,0.8912569555019705,0.8745028972625732,0.1013038083910942,0.0241932291537523
2023-06-05 00:00:00,130.79,126.81973,0.0,0.8835698729036843,0.8745028972625732,0.1013038083910942,0.0241932291537523
2023-06-06 00:00:00,129.7,127.12076,0.0,0.9243624063530979,0.8745028972625732,0.1013038083910942,0.0241932291537523
2023-06-07 00:00:00,129.19,127.04434,0.0,0.9370774792086695,0.8745028972625732,0.1013038083910942,0.0241932291537523
2023-06-08 00:00:00,130.02,126.8741,0.0,0.9077448601596863,0.8745028972625732,0.1013038083910942,0.0241932291537523
2023-06-09 00:00:00,130.42,126.85511,0.0,0.8954577762010864,0.8745028972625732,0.1013038083910942,0.0241932291537523
2023-06-12 00:00:00,130.89,126.72343,0.0,0.8778131031920138,0.8745028972625732,0.1013038083910942,0.0241932291537523
2023-06-13 00:00:00,131.55000000000004,126.83006,0.0,0.8615854212965073,0.2429593354463577,0.0256751775741577,0.7313655018806458
2023-06-14 00:00:00,130.2,126.902115,0.0,0.9032878260458673,0.2429593354463577,0.0256751775741577,0.7313655018806458
2023-06-15 00:00:00,132.22,126.683464,0.0,0.8376382419440754,0.2429593354463577,0.0256751775741577,0.7313655018806458
2023-06-16 00:00:00,132.21,127.218834,0.0,0.8536314933530744,0.2429593354463577,0.0256751775741577,0.7313655018806458
2023-06-20 00:00:00,131.52,127.874504,0.0,0.8930939615646762,0.2429593354463577,0.0256751775741577,0.7313655018806458
2023-06-21 00:00:00,131.54,128.54196,0.0,0.9120809873877386,0.2429593354463577,0.0256751775741577,0.7313655018806458
2023-06-22 00:00:00,132.44,129.13837,0.0,0.9031779090679987,0.2429593354463577,0.0256751775741577,0.7313655018806458
2023-06-23 00:00:00,132.0,129.90846,0.0,0.9386645901587701,0.8720715641975403,0.0722753852605819,0.0556530058383941
2023-06-26 00:00:00,131.25,130.49054,-1.0,0.9777284325742303,0.8720715641975403,0.0722753852605819,0.0556530058383941
2023-06-27 00:00:00,130.95,130.85187,-1.0,0.997122219231122,0.8720715641975403,0.0722753852605819,0.0556530058383941
2023-06-28 00:00:00,130.53,130.85658,1.0,0.9904227964339718,0.8720715641975403,0.0722753852605819,0.0556530058383941
2023-06-29 00:00:00,131.38,130.57866,-1.0,0.9765002656192725,0.8720715641975403,0.0722753852605819,0.0556530058383941
2023-06-30 00:00:00,132.73,130.54823,0.0,0.9360185639949141,0.8720715641975403,0.0722753852605819,0.0556530058383941
2023-07-03 00:00:00,131.64,130.65388,-1.0,0.9710816682608601,0.870741605758667,0.0500611737370491,0.0791971907019615
2023-07-05 00:00:00,131.57,130.52168,-1.0,0.9692575583360065,0.870741605758667,0.0500611737370491,0.0791971907019615
2023-07-06 00:00:00,130.52,130.1267,-1.0,0.9884660916594114,0.870741605758667,0.0500611737370491,0.0791971907019615
2023-07-07 00:00:00,129.0,129.50673,1.0,0.9851399083291331,0.870741605758667,0.0500611737370491,0.0791971907019615
2023-07-10 00:00:00,130.02,128.6324,-1.0,0.9593079329236159,0.870741605758667,0.0500611737370491,0.0791971907019615
2023-07-11 00:00:00,130.05,128.13356,0.0,0.943799418787802,0.870741605758667,0.0500611737370491,0.0791971907019615
2023-07-12 00:00:00,129.7,127.734795,0.0,0.9423693435982179,0.870741605758667,0.0500611737370491,0.0791971907019615
2023-07-13 00:00:00,129.75,127.130974,0.0,0.9231957130767733,0.3754867017269134,0.0684630870819091,0.5560501217842102
2023-07-14 00:00:00,131.7,126.86692,0.0,0.858267462498282,0.3754867017269134,0.0684630870819091,0.5560501217842102
2023-07-17 00:00:00,131.1,126.81409,0.0,0.8743133992393697,0.3754867017269134,0.0684630870819091,0.5560501217842102
2023-07-18 00:00:00,132.07,127.068436,0.0,0.8533265592066076,0.3754867017269134,0.0684630870819091,0.5560501217842102
2023-07-19 00:00:00,132.68,127.54918,0.0,0.8495360433181358,0.3754867017269134,0.0684630870819091,0.5560501217842102
2023-07-20 00:00:00,134.88,127.91756,0.0,0.7958227789646721,0.3754867017269134,0.0684630870819091,0.5560501217842102
2023-07-21 00:00:00,136.24,128.76878,0.0,0.7809027439687957,0.3754867017269134,0.0684630870819091,0.5560501217842102
2023-07-24 00:00:00,135.94,129.86862,0.0,0.8219537192425771,0.8768754601478577,0.0596158653497695,0.0635086372494697
2023-07-25 00:00:00,135.88,130.75021,0.0,0.8495663819075332,0.8768754601478577,0.0596158653497695,0.0635086372494697
2023-07-26 00:00:00,135.79,131.60474,0.0,0.8772649949596777,0.8768754601478577,0.0596158653497695,0.0635086372494697
2023-07-27 00:00:00,134.79,132.15001,0.0,0.9225809136443825,0.8768754601478577,0.0596158653497695,0.0635086372494697
2023-07-28 00:00:00,135.19,132.39137,0.0,0.917928817614782,0.8768754601478577,0.0596158653497695,0.0635086372494697
2023-07-31 00:00:00,134.15,132.6387,-1.0,0.9556804220697396,0.8768754601478577,0.0596158653497695,0.0635086372494697
2023-08-01 00:00:00,133.45,132.41833,-1.0,0.969745893282625,0.8768754601478577,0.0596158653497695,0.0635086372494697
2023-08-02 00:00:00,133.54,132.00766,-1.0,0.955063340531067,0.0368287488818168,0.0105331819504499,0.9526379704475404
2023-08-03 00:00:00,132.87,131.31903,-1.0,0.9545170311354471,0.0368287488818168,0.0105331819504499,0.9526379704475404
2023-08-04 00:00:00,132.4,130.89024,-1.0,0.955725616723561,0.0368287488818168,0.0105331819504499,0.9526379704475404
2023-08-07 00:00:00,133.93,130.58382,0.0,0.9018714524434107,0.0368287488818168,0.0105331819504499,0.9526379704475404
2023-08-08 00:00:00,134.96,131.01637,0.0,0.884351105004811,0.0368287488818168,0.0105331819504499,0.9526379704475404
2023-08-09 00:00:00,134.92,131.47159,0.0,0.8988735523391683,0.0368287488818168,0.0105331819504499,0.9526379704475404
2023-08-10 00:00:00,134.83,132.13489,0.0,0.9209644485428882,0.0368287488818168,0.0105331819504499,0.9526379704475404
2023-08-11 00:00:00,135.67,132.7221,0.0,0.9135515229792892,0.7877889275550842,0.1457888334989547,0.0664222314953804
2023-08-14 00:00:00,136.08,133.27574,0.0,0.9177636826143234,0.7877889275550842,0.1457888334989547,0.0664222314953804
2023-08-15 00:00:00,135.58,133.72174,0.0,0.9455055930397723,0.7877889275550842,0.1457888334989547,0.0664222314953804
2023-08-16 00:00:00,134.55,133.93141,-1.0,0.9818595819109692,0.7877889275550842,0.1457888334989547,0.0664222314953804
2023-08-17 00:00:00,133.48,133.84247,1.0,0.989370432207661,0.7877889275550842,0.1457888334989547,0.0664222314953804
2023-08-18 00:00:00,133.53,133.40979,-1.0,0.9964747812041789,0.7877889275550842,0.1457888334989547,0.0664222314953804
2023-08-21 00:00:00,133.67,133.0482,-1.0,0.9817654696377844,0.7877889275550842,0.1457888334989547,0.0664222314953804
2023-08-22 00:00:00,133.2,132.76605,-1.0,0.9872742594162394,0.0722013115882873,0.0134881567209959,0.9143105149269104
2023-08-23 00:00:00,133.6,132.09332,-1.0,0.9558159165368404,0.0722013115882873,0.0134881567209959,0.9143105149269104
2023-08-24 00:00:00,132.44,131.6395,-1.0,0.976524804973882,0.0722013115882873,0.0134881567209959,0.9143105149269104
2023-08-25 00:00:00,133.41,131.00883,0.0,0.9295845993802696,0.0722013115882873,0.0134881567209959,0.9143105149269104
2023-08-28 00:00:00,133.72,130.97925,0.0,0.919626042430352,0.0722013115882873,0.0134881567209959,0.9143105149269104
2023-08-29 00:00:00,134.92,131.22716,0.0,0.8917055012543534,0.0722013115882873,0.0134881567209959,0.9143105149269104
2023-08-30 00:00:00,134.82,131.55634,0.0,0.9042913621471776,0.7066753506660461,0.1659535318613052,0.1273711323738098
2023-08-31 00:00:00,133.21,131.84431,-1.0,0.9599505740526483,0.7066753506660461,0.1659535318613052,0.1273711323738098
2023-09-01 00:00:00,133.57,131.72954,0.0,0.9460275062717652,0.7066753506660461,0.1659535318613052,0.1273711323738098
2023-09-05 00:00:00,132.19,131.57678,-1.0,0.982017074092742,0.7066753506660461,0.1659535318613052,0.1273711323738098
2023-09-06 00:00:00,131.47,131.05597,-1.0,0.9878583354334678,0.7066753506660461,0.1659535318613052,0.1273711323738098
2023-09-07 00:00:00,132.06,130.37363,-1.0,0.9505462378001283,0.7066753506660461,0.1659535318613052,0.1273711323738098
2023-09-08 00:00:00,132.06,130.01768,0.0,0.9401080626546462,0.7066753506660461,0.1659535318613052,0.1273711323738098
2023-09-11 00:00:00,132.97,129.8007,0.0,0.9070587963652401,0.483843594789505,0.0231828317046165,0.4929735660552978
2023-09-12 00:00:00,132.8,129.72893,0.0,0.9099392261672926,0.483843594789505,0.0231828317046165,0.4929735660552978
2023-09-13 00:00:00,132.82,129.59946,0.0,0.9055559175105391,0.483843594789505,0.0231828317046165,0.4929735660552978
2023-09-14 00:00:00,133.24,129.48941,0.0,0.8900120352020708,0.483843594789505,0.0231828317046165,0.4929735660552978
2023-09-15 00:00:00,132.19,129.63132,0.0,0.9249653119845126,0.483843594789505,0.0231828317046165,0.4929735660552978
2023-09-18 00:00:00,131.45,129.3661,0.0,0.9388886840462338,0.483843594789505,0.0231828317046165,0.4929735660552978
2023-09-19 00:00:00,131.56,129.19485,0.0,0.930640901358596,0.483843594789505,0.0231828317046165,0.4929735660552978
2023-09-20 00:00:00,131.57,129.08867,0.0,0.9272336898311494,0.2427335083484649,0.7397428750991821,0.017523581162095
2023-09-21 00:00:00,130.42,128.99149,-1.0,0.9581080819854293,0.2427335083484649,0.7397428750991821,0.017523581162095
2023-09-22 00:00:00,130.15,128.6153,-1.0,0.9549940002978371,0.2427335083484649,0.7397428750991821,0.017523581162095
2023-09-25 00:00:00,130.86,128.30978,0.0,0.9252136051480018,0.2427335083484649,0.7397428750991821,0.017523581162095
2023-09-26 00:00:00,129.75,128.15932,-1.0,0.9533524051789315,0.2427335083484649,0.7397428750991821,0.017523581162095
2023-09-27 00:00:00,129.1,127.84541,-1.0,0.9632085984753026,0.2427335083484649,0.7397428750991821,0.017523581162095
2023-09-28 00:00:00,129.72,127.46558,0.0,0.9338880880137693,0.2427335083484649,0.7397428750991821,0.017523581162095
2023-09-29 00:00:00,128.74,127.35064,-1.0,0.9592562857261498,0.6952304840087891,0.0321449823677539,0.2726245522499084
2023-10-02 00:00:00,128.56,127.00041,-1.0,0.9542642811526301,0.6952304840087891,0.0321449823677539,0.2726245522499084
2023-10-03 00:00:00,127.42,126.62603,-1.0,0.9767164213566486,0.6952304840087891,0.0321449823677539,0.2726245522499084
2023-10-04 00:00:00,127.96,126.3543,-1.0,0.952912066059728,0.6952304840087891,0.0321449823677539,0.2726245522499084
2023-10-05 00:00:00,128.66,126.45048,0.0,0.9352046217037437,0.6952304840087891,0.0321449823677539,0.2726245522499084
2023-10-06 00:00:00,130.01,126.59925,0.0,0.8999780291336376,0.6952304840087891,0.0321449823677539,0.2726245522499084
2023-10-09 00:00:00,130.46,126.84652,0.0,0.8940328290385583,0.6952304840087891,0.0321449823677539,0.2726245522499084
2023-10-10 00:00:00,131.08,127.18934,0.0,0.8859043602370094,0.8872988224029541,0.0987092405557632,0.0139919435605406
2023-10-11 00:00:00,130.5,127.5087,0.0,0.9122785193479656,0.8872988224029541,0.0987092405557632,0.0139919435605406
2023-10-12 00:00:00,129.38,127.52756,0.0,0.9456761692975625,0.8872988224029541,0.0987092405557632,0.0139919435605406
2023-10-13 00:00:00,130.19,127.11105,0.0,0.9097083128092927,0.8872988224029541,0.0987092405557632,0.0139919435605406
2023-10-16 00:00:00,131.17,126.90648,0.0,0.8749700551858051,0.8872988224029541,0.0987092405557632,0.0139919435605406
2023-10-17 00:00:00,130.99,126.99173,0.0,0.8827486726195929,0.8872988224029541,0.0987092405557632,0.0139919435605406
2023-10-18 00:00:00,129.85,127.11986,0.0,0.9199371785362447,0.8872988224029541,0.0987092405557632,0.0139919435605406
2023-10-19 00:00:00,128.57,127.013115,-1.0,0.9543435463108277,0.8338062763214111,0.1405728012323379,0.0256209019571542
2023-10-20 00:00:00,128.06,126.51751,-1.0,0.9547656733269565,0.8338062763214111,0.1405728012323379,0.0256209019571542
2023-10-23 00:00:00,127.26,126.26816,-1.0,0.9709137231373716,0.8338062763214111,0.1405728012323379,0.0256209019571542
2023-10-24 00:00:00,127.65,126.05243,-1.0,0.9531504163993767,0.8338062763214111,0.1405728012323379,0.0256209019571542
2023-10-25 00:00:00,126.51,126.15607,-1.0,0.9896207300449046,0.8338062763214111,0.1405728012323379,0.0256209019571542
2023-10-26 00:00:00,125.26,125.98078,1.0,0.9788627109919127,0.8338062763214111,0.1405728012323379,0.0256209019571542
2023-10-27 00:00:00,123.14,125.51927,0.0,0.9302266319476264,0.8514237999916077,0.1324906647205352,0.0160855315625667
2023-10-30 00:00:00,123.83,124.907776,1.0,0.9683936692402859,0.8514237999916077,0.1324906647205352,0.0160855315625667
2023-10-31 00:00:00,124.54,124.51146,-1.0,0.9991630308089716,0.8514237999916077,0.1324906647205352,0.0160855315625667
2023-11-01 00:00:00,124.8,124.454926,-1.0,0.9898805142847324,0.8514237999916077,0.1324906647205352,0.0160855315625667
2023-11-02 00:00:00,126.78,124.37164,0.0,0.9293736969620601,0.8514237999916077,0.1324906647205352,0.0160855315625667
2023-11-03 00:00:00,127.41,124.75712,0.0,0.9222028805013976,0.8514237999916077,0.1324906647205352,0.0160855315625667
2023-11-06 00:00:00,128.26,125.16442,0.0,0.9092205595760404,0.8514237999916077,0.1324906647205352,0.0160855315625667
2023-11-07 00:00:00,128.35,125.74143,0.0,0.9235024102622115,0.8849676251411438,0.0260277390480041,0.0890046805143356
2023-11-08 00:00:00,128.17,126.11499,0.0,0.9397357839992673,0.8849676251411438,0.0260277390480041,0.0890046805143356
2023-11-09 00:00:00,125.52,126.22578,1.0,0.9793027368808421,0.8849676251411438,0.0260277390480041,0.0890046805143356
2023-11-10 00:00:00,126.27,125.619865,-1.0,0.980934469720835,0.8849676251411438,0.0260277390480041,0.0890046805143356
2023-11-13 00:00:00,127.0,125.520004,-1.0,0.9565983657613178,0.8849676251411438,0.0260277390480041,0.0890046805143356
2023-11-14 00:00:00,127.86,125.51563,0.0,0.93125022373591,0.8849676251411438,0.0260277390480041,0.0890046805143356
2023-11-15 00:00:00,127.96,125.663765,0.0,0.9326617288449645,0.8849676251411438,0.0260277390480041,0.0890046805143356
2023-11-16 00:00:00,128.51,125.88903,0.0,0.9231387230657765,0.1277352273464203,0.021408213302493,0.8508565425872803
2023-11-17 00:00:00,128.25,126.04077,0.0,0.935213240010997,0.1277352273464203,0.021408213302493,0.8508565425872803
2023-11-20 00:00:00,129.03,126.233826,0.0,0.9180007531845674,0.1277352273464203,0.021408213302493,0.8508565425872803
2023-11-21 00:00:00,129.81,126.61185,0.0,0.9062125197603556,0.1277352273464203,0.021408213302493,0.8508565425872803
2023-11-22 00:00:00,130.43,127.066635,0.0,0.9013675991740743,0.1277352273464203,0.021408213302493,0.8508565425872803
2023-11-24 00:00:00,131.13,127.75293,0.0,0.9009656799853374,0.1277352273464203,0.021408213302493,0.8508565425872803
2023-11-27 00:00:00,130.31,128.64143,-1.0,0.9510684374140853,0.1277352273464203,0.021408213302493,0.8508565425872803
2023-11-28 00:00:00,129.64,128.87698,-1.0,0.9776241537412944,0.792228102684021,0.0434116125106811,0.1643602699041366
2023-11-29 00:00:00,129.68,129.24977,-1.0,0.9873833172482128,0.792228102684021,0.0434116125106811,0.1643602699041366
2023-11-30 00:00:00,131.31,129.47795,0.0,0.9462742243344483,0.792228102684021,0.0434116125106811,0.1643602699041366
2023-12-01 00:00:00,131.83,129.86348,0.0,0.9423307804767683,0.792228102684021,0.0434116125106811,0.1643602699041366
2023-12-04 00:00:00,132.08,130.13223,0.0,0.9428807233435663,0.792228102684021,0.0434116125106811,0.1643602699041366
2023-12-05 00:00:00,131.91,130.40489,-1.0,0.9558619345388106,0.792228102684021,0.0434116125106811,0.1643602699041366
2023-12-06 00:00:00,132.01,130.47159,-1.0,0.9548852825444467,0.792228102684021,0.0434116125106811,0.1643602699041366
2023-12-07 00:00:00,131.85,130.41138,-1.0,0.9578116408541058,0.8283565640449524,0.0365289226174354,0.1351144611835479
2023-12-08 00:00:00,132.07,130.20576,0.0,0.9453303451761824,0.8283565640449524,0.0365289226174354,0.1351144611835479
2023-12-11 00:00:00,132.94,129.9931,0.0,0.9135807339396995,0.8283565640449524,0.0365289226174354,0.1351144611835479
2023-12-12 00:00:00,133.51,129.76857,0.0,0.8902806435861899,0.8283565640449524,0.0365289226174354,0.1351144611835479
2023-12-13 00:00:00,135.97,129.76823,0.0,0.8181300367428062,0.8283565640449524,0.0365289226174354,0.1351144611835479
2023-12-14 00:00:00,135.31,130.11621,0.0,0.8476894703079179,0.8283565640449524,0.0365289226174354,0.1351144611835479
2023-12-15 00:00:00,134.16,130.24142,0.0,0.8850857642389114,0.8283565640449524,0.0365289226174354,0.1351144611835479
2023-12-18 00:00:00,133.78,130.20404,0.0,0.8951331532945381,0.4817502796649933,0.0365934334695339,0.4816562235355377
2023-12-19 00:00:00,134.68,130.20497,0.0,0.868767487198726,0.4817502796649933,0.0365934334695339,0.4816562235355377
2023-12-20 00:00:00,132.73,130.34052,0.0,0.9299271301090546,0.4817502796649933,0.0365934334695339,0.4816562235355377
2023-12-21 00:00:00,134.35,130.03282,0.0,0.8733965294801597,0.4817502796649933,0.0365934334695339,0.4816562235355377
2023-12-22 00:00:00,135.02,130.18062,0.0,0.858082647687179,0.4817502796649933,0.0365934334695339,0.4816562235355377
2023-12-26 00:00:00,135.32,130.43779,0.0,0.8568266837827623,0.4817502796649933,0.0365934334695339,0.4816562235355377
2023-12-27 00:00:00,135.89,130.73897,0.0,0.8489433400442178,0.7526679635047913,0.0222732257097959,0.2250587791204452
2023-12-28 00:00:00,136.24,130.96214,0.0,0.8452241332649832,0.7526679635047913,0.0222732257097959,0.2250587791204452
2023-12-29 00:00:00,136.38,131.18318,0.0,0.8476006382022088,0.7526679635047913,0.0222732257097959,0.2250587791204452
2024-01-02 00:00:00,138.78,131.38579,0.0,0.783160937356809,0.7526679635047913,0.0222732257097959,0.2250587791204452
2024-01-03 00:00:00,138.55,131.88268,0.0,0.8044772777389568,0.7526679635047913,0.0222732257097959,0.2250587791204452
2024-01-04 00:00:00,139.24,132.41675,0.0,0.7999046348057183,0.7526679635047913,0.0222732257097959,0.2250587791204452
2024-01-05 00:00:00,139.12,132.95248,0.0,0.8191344319900109,0.7526679635047913,0.0222732257097959,0.2250587791204452
2024-01-08 00:00:00,140.35,133.52814,0.0,0.7999453726402128,0.8272258043289185,0.117824338376522,0.0549498461186885
2024-01-09 00:00:00,140.33,134.28012,0.0,0.8225841891381045,0.8272258043289185,0.117824338376522,0.0549498461186885
2024-01-10 00:00:00,140.97,134.83153,0.0,0.819986149852227,0.8272258043289185,0.117824338376522,0.0549498461186885
2024-01-11 00:00:00,140.87,135.38391,0.0,0.8391176285282257,0.8272258043289185,0.117824338376522,0.0549498461186885
2024-01-12 00:00:00,140.52,135.76796,0.0,0.8606439763849429,0.8272258043289185,0.117824338376522,0.0549498461186885
2024-01-16 00:00:00,139.68,135.94127,0.0,0.8903597924017135,0.8272258043289185,0.117824338376522,0.0549498461186885
2024-01-17 00:00:00,139.4,135.9169,0.0,0.8978563236001649,0.8272258043289185,0.117824338376522,0.0549498461186885
2024-01-18 00:00:00,139.38,135.78119,0.0,0.8944630194968843,0.079829454421997,0.0170467179268598,0.9031238555908204
2024-01-19 00:00:00,139.46,135.60855,0.0,0.8870542822695195,0.079829454421997,0.0170467179268598,0.9031238555908204
2024-01-22 00:00:00,140.07,135.5707,0.0,0.8680555416342103,0.079829454421997,0.0170467179268598,0.9031238555908204
2024-01-23 00:00:00,139.97,135.79486,0.0,0.8775619014616937,0.079829454421997,0.0170467179268598,0.9031238555908204
2024-01-24 00:00:00,138.69,136.09926,0.0,0.9240251736906617,0.079829454421997,0.0170467179268598,0.9031238555908204
2024-01-25 00:00:00,138.48,136.08885,0.0,0.929878355680673,0.079829454421997,0.0170467179268598,0.9031238555908204
2024-01-26 00:00:00,139.27,136.08557,0.0,0.9066149938141492,0.079829454421997,0.0170467179268598,0.9031238555908204
2024-01-29 00:00:00,140.25,136.39769,0.0,0.8870290269599982,0.1812020242214203,0.0936571806669235,0.7251408100128174
2024-01-30 00:00:00,140.57,136.69846,0.0,0.8864649797814335,0.1812020242214203,0.0936571806669235,0.7251408100128174
2024-01-31 00:00:00,140.38,136.9529,0.0,0.8994984198875093,0.1812020242214203,0.0936571806669235,0.7251408100128174
2024-02-01 00:00:00,142.2,136.95769,0.0,0.8462664920213988,0.1812020242214203,0.0936571806669235,0.7251408100128174
2024-02-02 00:00:00,141.99,137.3954,0.0,0.8652610264215999,0.1812020242214203,0.0936571806669235,0.7251408100128174
2024-02-05 00:00:00,142.43,137.69434,0.0,0.8611242210410556,0.1812020242214203,0.0936571806669235,0.7251408100128174
2024-02-06 00:00:00,143.98,138.12558,0.0,0.828316124163765,0.1812020242214203,0.0936571806669235,0.7251408100128174
2024-02-07 00:00:00,144.37,138.77077,0.0,0.835799624982817,0.2800772190093994,0.0277376733720302,0.6921850442886353
2024-02-08 00:00:00,144.12,139.53241,0.0,0.8654665591779691,0.2800772190093994,0.0277376733720302,0.6921850442886353
2024-02-09 00:00:00,144.01,140.14896,0.0,0.8867729119890949,0.2800772190093994,0.0277376733720302,0.6921850442886353
2024-02-12 00:00:00,144.2,140.53069,0.0,0.8923954670030704,0.2800772190093994,0.0277376733720302,0.6921850442886353
2024-02-13 00:00:00,142.86,140.8433,0.0,0.9408594573348145,0.2800772190093994,0.0277376733720302,0.6921850442886353
2024-02-14 00:00:00,144.1,140.67056,0.0,0.8994299924967927,0.2800772190093994,0.0277376733720302,0.6921850442886353
2024-02-15 00:00:00,145.15,140.79732,0.0,0.8723553520493492,0.2800772190093994,0.0277376733720302,0.6921850442886353
2024-02-16 00:00:00,145.62,141.05305,0.0,0.866071988550449,0.929768443107605,0.031769722700119,0.0384618081152439
2024-02-20 00:00:00,145.13,141.32318,0.0,0.8883630836464445,0.929768443107605,0.031769722700119,0.0384618081152439
2024-02-21 00:00:00,145.45,141.35176,0.0,0.8798170341424583,0.929768443107605,0.031769722700119,0.0384618081152439
2024-02-22 00:00:00,147.16,141.34435,0.0,0.8294529352719484,0.929768443107605,0.031769722700119,0.0384618081152439
2024-02-23 00:00:00,147.86,141.44067,0.0,0.8117499656341639,0.929768443107605,0.031769722700119,0.0384618081152439
2024-02-26 00:00:00,147.1,141.54391,0.0,0.8370649499977092,0.929768443107605,0.031769722700119,0.0384618081152439
2024-02-27 00:00:00,146.74,141.47002,0.0,0.8454550287241108,0.0241652578115463,0.0147066265344619,0.9611281156539916
2024-02-28 00:00:00,146.01,141.38461,0.0,0.8643581535809204,0.0241652578115463,0.0147066265344619,0.9611281156539916
2024-02-29 00:00:00,144.82,141.17589,0.0,0.8931345472587521,0.0241652578115463,0.0147066265344619,0.9611281156539916
2024-03-01 00:00:00,146.34,140.84218,0.0,0.83877355849638,0.0241652578115463,0.0147066265344619,0.9611281156539916
2024-03-04 00:00:00,146.12,141.0191,0.0,0.8504136071526759,0.0241652578115463,0.0147066265344619,0.9611281156539916
2024-03-05 00:00:00,145.03,141.15695,0.0,0.8864208769588526,0.0241652578115463,0.0147066265344619,0.9611281156539916
2024-03-06 00:00:00,146.02,141.20801,0.0,0.8588858596041054,0.0241652578115463,0.0147066265344619,0.9611281156539916
2024-03-07 00:00:00,146.7,141.4381,0.0,0.8456919382045001,0.4845393002033233,0.0391841791570186,0.4762766063213348
2024-03-08 00:00:00,146.43,141.63147,0.0,0.8592806371425952,0.4845393002033233,0.0391841791570186,0.4762766063213348
2024-03-11 00:00:00,146.35,141.64919,0.0,0.862146192981351,0.4845393002033233,0.0391841791570186,0.4762766063213348
2024-03-12 00:00:00,147.03,141.607,0.0,0.8409675844254032,0.4845393002033233,0.0391841791570186,0.4762766063213348
2024-03-13 00:00:00,146.46,141.63347,0.0,0.8584594905551226,0.4845393002033233,0.0391841791570186,0.4762766063213348
2024-03-14 00:00:00,145.94,141.55037,0.0,0.8712718258854931,0.4845393002033233,0.0391841791570186,0.4762766063213348
2024-03-15 00:00:00,145.36,141.38844,0.0,0.883532052585456,0.4845393002033233,0.0391841791570186,0.4762766063213348
2024-03-18 00:00:00,144.82,141.19089,0.0,0.8935744120578265,0.1537686735391616,0.831203818321228,0.0150274895131587
2024-03-19 00:00:00,145.78,141.09183,0.0,0.8625169323336693,0.1537686735391616,0.831203818321228,0.0150274895131587
2024-03-20 00:00:00,145.45,141.09222,0.0,0.8722059859558289,0.1537686735391616,0.831203818321228,0.0150274895131587
2024-03-21 00:00:00,145.64,140.94206,0.0,0.8622305682677331,0.1537686735391616,0.831203818321228,0.0150274895131587
2024-03-22 00:00:00,145.44,140.837,0.0,0.8650148274262282,0.1537686735391616,0.831203818321228,0.0150274895131587
2024-03-25 00:00:00,145.24,140.79788,0.0,0.8697326123190063,0.1537686735391616,0.831203818321228,0.0150274895131587
2024-03-26 00:00:00,145.77,140.72557,0.0,0.852069521369822,0.1537686735391616,0.831203818321228,0.0150274895131587
2024-03-27 00:00:00,147.71,140.69603,0.0,0.7943117203251007,0.8273499608039856,0.1471333056688308,0.025516765192151
2024-03-28 00:00:00,147.73,141.09311,0.0,0.8053697692334131,0.8273499608039856,0.1471333056688308,0.025516765192151
2024-04-01 00:00:00,146.47,141.47198,0.0,0.8534306411519429,0.8273499608039856,0.1471333056688308,0.025516765192151
2024-04-02 00:00:00,144.19,141.53416,0.0,0.9221162589064792,0.8273499608039856,0.1471333056688308,0.025516765192151
2024-04-03 00:00:00,144.03,140.9361,0.0,0.9092696830324414,0.8273499608039856,0.1471333056688308,0.025516765192151
2024-04-04 00:00:00,141.95,140.34908,-1.0,0.9530520620933379,0.8273499608039856,0.1471333056688308,0.025516765192151
2024-04-05 00:00:00,143.22,139.32498,0.0,0.8857765891335228,0.8273499608039856,0.1471333056688308,0.025516765192151
2024-04-08 00:00:00,142.76,138.69176,0.0,0.8806966921451158,0.631267786026001,0.0348527915775775,0.3338795006275177
2024-04-09 00:00:00,143.27,138.06122,0.0,0.847249802396444,0.631267786026001,0.0348527915775775,0.3338795006275177
2024-04-10 00:00:00,141.59,137.58,0.0,0.8824047457787297,0.631267786026001,0.0348527915775775,0.3338795006275177
2024-04-11 00:00:00,141.01,137.01088,0.0,0.8827237394897822,0.631267786026001,0.0348527915775775,0.3338795006275177
2024-04-12 00:00:00,138.91,136.67282,0.0,0.9343935790299671,0.631267786026001,0.0348527915775775,0.3338795006275177
2024-04-15 00:00:00,138.63,135.93063,0.0,0.9208396933994686,0.631267786026001,0.0348527915775775,0.3338795006275177
2024-04-16 00:00:00,138.68,135.48302,0.0,0.9062468318995142,0.5499958395957947,0.2366282790899276,0.2133758515119552
2024-04-17 00:00:00,138.44,135.19771,0.0,0.9049181269760357,0.5499958395957947,0.2366282790899276,0.2133758515119552
2024-04-18 00:00:00,138.43,135.039,0.0,0.9005572277080277,0.5499958395957947,0.2366282790899276,0.2133758515119552
2024-04-19 00:00:00,138.95,134.97125,0.0,0.883321185964993,0.5499958395957947,0.2366282790899276,0.2133758515119552
2024-04-22 00:00:00,139.48,134.94974,0.0,0.8671477287046374,0.5499958395957947,0.2366282790899276,0.2133758515119552
2024-04-23 00:00:00,141.3,135.14468,0.0,0.8194921946595488,0.5499958395957947,0.2366282790899276,0.2133758515119552
2024-04-24 00:00:00,140.86,135.67279,0.0,0.8478824201567079,0.5499958395957947,0.2366282790899276,0.2133758515119552
2024-04-25 00:00:00,139.92,136.11942,0.0,0.8885459027332299,0.4303084015846252,0.0396983847022056,0.5299932360649109
2024-04-26 00:00:00,139.96,136.20258,0.0,0.8898116036244499,0.4303084015846252,0.0396983847022056,0.5299932360649109
2024-04-29 00:00:00,140.43,136.48486,0.0,0.8843068410923752,0.4303084015846252,0.0396983847022056,0.5299932360649109
2024-04-30 00:00:00,140.33,136.78128,0.0,0.895931979987628,0.4303084015846252,0.0396983847022056,0.5299932360649109
2024-05-01 00:00:00,140.58,136.76292,0.0,0.8880622930890301,0.4303084015846252,0.0396983847022056,0.5299932360649109
2024-05-02 00:00:00,140.48,136.76689,0.0,0.8911111870818826,0.4303084015846252,0.0396983847022056,0.5299932360649109
2024-05-03 00:00:00,140.83,136.86832,0.0,0.8838216026507512,0.4303084015846252,0.0396983847022056,0.5299932360649109
2024-05-06 00:00:00,141.4,136.98517,0.0,0.8705327993264295,0.9081871509552002,0.0632345303893089,0.0285783018916845
2024-05-07 00:00:00,142.57,137.22874,0.0,0.8433649415494412,0.9081871509552002,0.0632345303893089,0.0285783018916845
2024-05-08 00:00:00,142.08,137.45692,0.0,0.8644259366122156,0.9081871509552002,0.0632345303893089,0.0285783018916845
2024-05-09 00:00:00,143.3,137.54861,0.0,0.831337668678977,0.9081871509552002,0.0632345303893089,0.0285783018916845
2024-05-10 00:00:00,143.59,137.71242,0.0,0.8276368798398551,0.9081871509552002,0.0632345303893089,0.0285783018916845
2024-05-13 00:00:00,143.45,137.82428,0.0,0.8350228675998904,0.9081871509552002,0.0632345303893089,0.0285783018916845
2024-05-14 00:00:00,144.06,137.83467,0.0,0.8174390328594666,0.9081871509552002,0.0632345303893089,0.0285783018916845
2024-05-15 00:00:00,146.2,137.84654,0.0,0.7550305676949692,0.1413545459508896,0.018996313214302,0.8396491408348083
2024-05-16 00:00:00,146.03,138.0863,0.0,0.767047029646261,0.1413545459508896,0.018996313214302,0.8396491408348083
2024-05-17 00:00:00,146.31,138.43195,0.0,0.7689720176182184,0.1413545459508896,0.018996313214302,0.8396491408348083
2024-05-20 00:00:00,146.0,138.85452,0.0,0.7904552112926138,0.1413545459508896,0.018996313214302,0.8396491408348083
2024-05-21 00:00:00,146.25,139.39868,0.0,0.7990815730388563,0.1413545459508896,0.018996313214302,0.8396491408348083
2024-05-22 00:00:00,146.51,139.90831,0.0,0.8064020509244413,0.1413545459508896,0.018996313214302,0.8396491408348083
2024-05-23 00:00:00,144.91,140.30804,0.0,0.8650452913077348,0.1413545459508896,0.018996313214302,0.8396491408348083
2024-05-24 00:00:00,144.42,140.46095,0.0,0.8838989078823776,0.1163793131709098,0.0138199757784605,0.8698006272315979
2024-05-28 00:00:00,142.67,140.53639,0.0,0.9374308566543718,0.1163793131709098,0.0138199757784605,0.8698006272315979
2024-05-29 00:00:00,141.56,140.18198,-1.0,0.9595887483389846,0.1163793131709098,0.0138199757784605,0.8698006272315979
2024-05-30 00:00:00,141.63,139.76534,0.0,0.9453177443697307,0.1163793131709098,0.0138199757784605,0.8698006272315979
2024-05-31 00:00:00,143.7,139.40884,0.0,0.8741596479220128,0.1163793131709098,0.0138199757784605,0.8698006272315979
2024-06-03 00:00:00,144.71,139.44258,0.0,0.845530239787619,0.1163793131709098,0.0138199757784605,0.8698006272315979
2024-06-04 00:00:00,145.13,139.6133,0.0,0.8382198389674214,0.1163793131709098,0.0138199757784605,0.8698006272315979
2024-06-05 00:00:00,145.79,140.02112,0.0,0.8308245795912759,0.9002343416213989,0.0431697256863117,0.0565959103405475
2024-06-06 00:00:00,146.27,140.55914,0.0,0.8325261896306816,0.9002343416213989,0.0431697256863117,0.0565959103405475
2024-06-07 00:00:00,146.43,141.05714,0.0,0.8424382453090633,0.9002343416213989,0.0431697256863117,0.0565959103405475
2024-06-10 00:00:00,146.97,141.50603,0.0,0.8397661941841551,0.9002343416213989,0.0431697256863117,0.0565959103405475
2024-06-11 00:00:00,146.36,141.83661,0.0,0.8673492342146257,0.9002343416213989,0.0431697256863117,0.0565959103405475
2024-06-12 00:00:00,146.05,141.88463,0.0,0.877848337123121,0.9002343416213989,0.0431697256863117,0.0565959103405475
2024-06-13 00:00:00,145.93,141.71056,0.0,0.8762626401839716,0.1354602575302124,0.0186388008296489,0.8459008932113647
2024-06-14 00:00:00,145.88,141.51988,0.0,0.8721373079808927,0.1354602575302124,0.0186388008296489,0.8459008932113647
2024-06-17 00:00:00,145.73,141.35658,0.0,0.8717472915425681,0.1354602575302124,0.0186388008296489,0.8459008932113647
2024-06-18 00:00:00,145.92,141.20395,0.0,0.8616993834196301,0.1354602575302124,0.0186388008296489,0.8459008932113647
2024-06-20 00:00:00,146.4,141.03854,0.0,0.8427725425563598,0.1354602575302124,0.0186388008296489,0.8459008932113647
2024-06-21 00:00:00,146.81,140.96205,0.0,0.8285059059120693,0.1354602575302124,0.0186388008296489,0.8459008932113647
2024-06-24 00:00:00,147.09,140.9443,0.0,0.8197743524903776,0.1354602575302124,0.0186388008296489,0.8459008932113647
2024-06-25 00:00:00,146.63,141.06535,0.0,0.8368138825089353,0.666178822517395,0.0449178367853164,0.2889033854007721
2024-06-26 00:00:00,146.11,140.96716,0.0,0.8491836682093105,0.666178822517395,0.0449178367853164,0.2889033854007721
2024-06-27 00:00:00,145.87,140.72897,0.0,0.8492367562660372,0.666178822517395,0.0449178367853164,0.2889033854007721
2024-06-28 00:00:00,145.75,140.42108,0.0,0.8437267314653593,0.666178822517395,0.0449178367853164,0.2889033854007721
2024-07-01 00:00:00,144.93,140.17058,0.0,0.8604275074172927,0.666178822517395,0.0449178367853164,0.2889033854007721
2024-07-02 00:00:00,144.4,139.89139,0.0,0.8677826375206193,0.666178822517395,0.0449178367853164,0.2889033854007721
2024-07-03 00:00:00,143.3,139.56146,0.0,0.8903654663443912,0.666178822517395,0.0449178367853164,0.2889033854007721
2024-07-05 00:00:00,144.41,139.12254,0.0,0.844942619793576,0.8258816003799438,0.0555006340146064,0.118617758154869
2024-07-08 00:00:00,144.25,139.0352,0.0,0.847073373207249,0.8258816003799438,0.0555006340146064,0.118617758154869
2024-07-09 00:00:00,144.95,138.9189,0.0,0.8231348837575608,0.8258816003799438,0.0555006340146064,0.118617758154869
2024-07-10 00:00:00,146.32,138.76378,0.0,0.7784099321561128,0.8258816003799438,0.0555006340146064,0.118617758154869
2024-07-11 00:00:00,147.35,138.95221,0.0,0.7537304830690985,0.8258816003799438,0.0555006340146064,0.118617758154869
2024-07-12 00:00:00,148.27,139.18864,0.0,0.7336845867794628,0.8258816003799438,0.0555006340146064,0.118617758154869
2024-07-15 00:00:00,147.75,139.5619,0.0,0.7598799093028318,0.8258816003799438,0.0555006340146064,0.118617758154869
2024-07-16 00:00:00,149.86,139.8022,0.0,0.7050498626798476,0.2722949087619781,0.1086352095007896,0.6190699338912964
2024-07-17 00:00:00,150.54,140.343,0.0,0.7009678099512009,0.2722949087619781,0.1086352095007896,0.6190699338912964
2024-07-18 00:00:00,147.12,140.88574,0.0,0.8171771902492668,0.2722949087619781,0.1086352095007896,0.6190699338912964
2024-07-19 00:00:00,147.87,140.92107,0.0,0.79621895261524,0.2722949087619781,0.1086352095007896,0.6190699338912964
2024-07-22 00:00:00,148.72,141.1646,0.0,0.7784339166456654,0.2722949087619781,0.1086352095007896,0.6190699338912964
2024-07-23 00:00:00,148.63,141.50107,0.0,0.7909404139364922,0.2722949087619781,0.1086352095007896,0.6190699338912964
2024-07-24 00:00:00,149.87,141.75684,0.0,0.7620773002199412,0.2722949087619781,0.1086352095007896,0.6190699338912964
2024-07-25 00:00:00,149.11999999999998,141.99095,0.0,0.7909369952517877,0.4144437611103058,0.025047056376934,0.5605091452598572
2024-07-26 00:00:00,149.96,141.96326,0.0,0.7654914028134162,0.4144437611103058,0.025047056376934,0.5605091452598572
2024-07-29 00:00:00,150.05,142.24991,0.0,0.7712583122365283,0.4144437611103058,0.025047056376934,0.5605091452598572
2024-07-30 00:00:00,150.18,142.53178,0.0,0.7757121424521167,0.4144437611103058,0.025047056376934,0.5605091452598572
2024-07-31 00:00:00,149.63,142.82188,0.0,0.8003485089523004,0.4144437611103058,0.025047056376934,0.5605091452598572
2024-08-01 00:00:00,151.16,142.95815,0.0,0.7594763971144155,0.4144437611103058,0.025047056376934,0.5605091452598572
2024-08-02 00:00:00,150.86,143.25958,0.0,0.7771138568777489,0.4144437611103058,0.025047056376934,0.5605091452598572
2024-08-05 00:00:00,146.83,143.38603,0.0,0.8990038740320286,0.8204813599586487,0.163221850991249,0.0162967927753925
2024-08-06 00:00:00,147.51,143.06078,0.0,0.8695242157429897,0.8204813599586487,0.163221850991249,0.0162967927753925
2024-08-07 00:00:00,146.01,143.0905,0.0,0.9143841606430996,0.8204813599586487,0.163221850991249,0.0162967927753925
2024-08-08 00:00:00,149.24,142.83525,0.0,0.8121774444132605,0.8204813599586487,0.163221850991249,0.0162967927753925
2024-08-09 00:00:00,149.98,143.07114,0.0,0.7973940315134718,0.8204813599586487,0.163221850991249,0.0162967927753925
2024-08-12 00:00:00,149.41,143.39041,0.0,0.8234724743974525,0.8204813599586487,0.163221850991249,0.0162967927753925
2024-08-13 00:00:00,151.22,143.53078,0.0,0.7745095887841368,0.832343578338623,0.0312701724469661,0.1363863348960876
2024-08-14 00:00:00,151.76,143.73204,0.0,0.7645759649640307,0.832343578338623,0.0312701724469661,0.1363863348960876
2024-08-15 00:00:00,152.71,143.82883,0.0,0.7395550411817264,0.832343578338623,0.0312701724469661,0.1363863348960876
2024-08-16 00:00:00,152.87,143.88873,0.0,0.7366197334356671,0.832343578338623,0.0312701724469661,0.1363863348960876
2024-08-19 00:00:00,153.8,143.8528,0.0,0.7082932100268051,0.832343578338623,0.0312701724469661,0.1363863348960876
2024-08-20 00:00:00,154.42,143.84212,0.0,0.6897981615709774,0.832343578338623,0.0312701724469661,0.1363863348960876
2024-08-21 00:00:00,154.68,143.85037,0.0,0.6824156103945197,0.832343578338623,0.0312701724469661,0.1363863348960876
2024-08-22 00:00:00,154.78,143.82568,0.0,0.678759049670088,0.2121964693069458,0.0284204203635454,0.7593831419944763
2024-08-23 00:00:00,155.45,143.93063,0.0,0.662188667006507,0.2121964693069458,0.0284204203635454,0.7593831419944763
2024-08-26 00:00:00,155.37,144.14125,0.0,0.6707111615938874,0.2121964693069458,0.0284204203635454,0.7593831419944763
2024-08-27 00:00:00,155.61,144.3342,0.0,0.6693313195908172,0.2121964693069458,0.0284204203635454,0.7593831419944763
2024-08-28 00:00:00,155.79,144.65102,0.0,0.6733435846144156,0.2121964693069458,0.0284204203635454,0.7593831419944763
2024-08-29 00:00:00,156.12,144.9498,0.0,0.6724281109672836,0.2121964693069458,0.0284204203635454,0.7593831419944763
2024-08-30 00:00:00,157.2,145.29088,0.0,0.6507588943078725,0.2121964693069458,0.0284204203635454,0.7593831419944763
2024-09-03 00:00:00,156.9,145.6604,0.0,0.6703929733321113,0.9345529675483704,0.0376948416233062,0.027752187103033
2024-09-04 00:00:00,156.63,145.964,0.0,0.6872142086979933,0.9345529675483704,0.0376948416233062,0.027752187103033
2024-09-05 00:00:00,154.48,146.22145,0.0,0.7578138066177148,0.9345529675483704,0.0376948416233062,0.027752187103033
2024-09-06 00:00:00,153.95,146.24052,0.0,0.7739156683868681,0.9345529675483704,0.0376948416233062,0.027752187103033
2024-09-09 00:00:00,155.03,146.17937,0.0,0.7404506470800496,0.9345529675483704,0.0376948416233062,0.027752187103033
2024-09-10 00:00:00,155.74,146.24094,0.0,0.7214350815043069,0.9345529675483704,0.0376948416233062,0.027752187103033
2024-09-11 00:00:00,155.28,146.29288,0.0,0.7364480116500184,0.9345529675483704,0.0376948416233062,0.027752187103033
2024-09-12 00:00:00,155.84,146.23433,0.0,0.7183087748865927,0.9112192392349244,0.0274387001991271,0.0613419860601425
2024-09-13 00:00:00,156.16,146.22377,0.0,0.7086149601642688,0.9112192392349244,0.0274387001991271,0.0613419860601425
2024-09-16 00:00:00,157.24,146.19287,0.0,0.6760372754765394,0.9112192392349244,0.0274387001991271,0.0613419860601425
2024-09-17 00:00:00,155.62,146.24715,0.0,0.7251362641186307,0.9112192392349244,0.0274387001991271,0.0613419860601425
2024-09-18 00:00:00,155.36,145.95982,0.0,0.7243350031788395,0.9112192392349244,0.0274387001991271,0.0613419860601425
2024-09-19 00:00:00,155.92,145.65524,0.0,0.6989807307894982,0.9112192392349244,0.0274387001991271,0.0613419860601425
2024-09-20 00:00:00,155.28,145.47984,0.0,0.7126053706641771,0.9112192392349244,0.0274387001991271,0.0613419860601425
2024-09-23 00:00:00,154.4,145.2431,0.0,0.7314692969895527,0.8961663246154785,0.0789526030421257,0.0248810350894927
2024-09-24 00:00:00,154.09,145.00238,0.0,0.7335008906479106,0.8961663246154785,0.0789526030421257,0.0248810350894927
2024-09-25 00:00:00,152.59,144.7613,0.0,0.7704195531582203,0.8961663246154785,0.0789526030421257,0.0248810350894927
2024-09-26 00:00:00,153.1,144.357,0.0,0.7436068806130867,0.8961663246154785,0.0789526030421257,0.0248810350894927
2024-09-27 00:00:00,153.02,144.07068,0.0,0.7375565604380496,0.8961663246154785,0.0789526030421257,0.0248810350894927
2024-09-30 00:00:00,154.02,143.80986,0.0,0.700582411422058,0.8961663246154785,0.0789526030421257,0.0248810350894927
2024-10-01 00:00:00,153.21,143.74634,0.0,0.7224732519244866,0.8961663246154785,0.0789526030421257,0.0248810350894927
2024-10-02 00:00:00,152.9,143.56018,0.0,0.726105004811217,0.8912041783332825,0.0931108072400093,0.0156850423663854
2024-10-03 00:00:00,151.52,143.49583,0.0,0.7646872243573586,0.8912041783332825,0.0931108072400093,0.0156850423663854
2024-10-04 00:00:00,151.64,143.30173,0.0,0.7554758737513751,0.8912041783332825,0.0931108072400093,0.0156850423663854
2024-10-07 00:00:00,150.97,143.21997,0.0,0.7727264135813784,0.8912041783332825,0.0931108072400093,0.0156850423663854
2024-10-08 00:00:00,151.79,143.0929,0.0,0.7449529474431822,0.8912041783332825,0.0931108072400093,0.0156850423663854
2024-10-09 00:00:00,153.34,143.12286,0.0,0.7003772366431451,0.8912041783332825,0.0931108072400093,0.0156850423663854
2024-10-10 00:00:00,152.77,143.28667,0.0,0.7218963891529965,0.9024351239204408,0.0427581630647182,0.0548067800700664
2024-10-11 00:00:00,153.88999999999996,143.4439,0.0,0.6936625640063705,0.9024351239204408,0.0427581630647182,0.0548067800700664
2024-10-14 00:00:00,154.74,143.61401,0.0,0.6737247411107037,0.9024351239204408,0.0427581630647182,0.0548067800700664
2024-10-15 00:00:00,152.85,144.00797,0.0,0.7407027885011916,0.9024351239204408,0.0427581630647182,0.0548067800700664
2024-10-16 00:00:00,153.28,143.9018,0.0,0.7249793089030425,0.9024351239204408,0.0427581630647182,0.0548067800700664
2024-10-17 00:00:00,152.39,143.98627,0.0,0.7535562196435122,0.9024351239204408,0.0427581630647182,0.0548067800700664
2024-10-18 00:00:00,153.13,143.88857,0.0,0.7289901778145622,0.9024351239204408,0.0427581630647182,0.0548067800700664
2024-10-21 00:00:00,151.33,143.80904,0.0,0.7794438784423109,0.0960539728403091,0.0156857166439294,0.8882602453231812
2024-10-22 00:00:00,151.11,143.70804,0.0,0.7829336753688596,0.0960539728403091,0.0156857166439294,0.8882602453231812
2024-10-23 00:00:00,150.39999999999998,143.66357,0.0,0.8024508568548394,0.0960539728403091,0.0156857166439294,0.8882602453231812
2024-10-24 00:00:00,149.41,143.6566,0.0,0.8312786202976082,0.0960539728403091,0.0156857166439294,0.8882602453231812
2024-10-25 00:00:00,148.59,143.63405,0.0,0.8546641777687407,0.0960539728403091,0.0156857166439294,0.8882602453231812
2024-10-28 00:00:00,148.81,143.60489,0.0,0.847357446217467,0.0960539728403091,0.0156857166439294,0.8882602453231812
2024-10-29 00:00:00,148.4,143.70819,0.0,0.8624102908495234,0.0960539728403091,0.0156857166439294,0.8882602453231812
2024-10-30 00:00:00,148.12,143.73544,0.0,0.8714206192150842,0.6990732550621033,0.0902672708034515,0.2106594890356063
2024-10-31 00:00:00,146.87,143.76326,0.0,0.9088932518385721,0.6990732550621033,0.0902672708034515,0.2106594890356063
2024-11-01 00:00:00,147.74,143.73367,0.0,0.8825124074986251,0.6990732550621033,0.0902672708034515,0.2106594890356063
2024-11-04 00:00:00,146.77,143.81447,0.0,0.9133275185861892,0.6990732550621033,0.0902672708034515,0.2106594890356063
2024-11-05 00:00:00,147.85,143.68207,0.0,0.8777732513517231,0.6990732550621033,0.0902672708034515,0.2106594890356063
2024-11-06 00:00:00,148.04,143.64005,0.0,0.8709690664520714,0.6990732550621033,0.0902672708034515,0.2106594890356063
2024-11-07 00:00:00,149.11,143.32178,0.0,0.8302574001099703,0.6990732550621033,0.0902672708034515,0.2106594890356063
2024-11-08 00:00:00,150.18,143.2189,0.0,0.7958622459791971,0.6841509938240051,0.0968634858727455,0.2189854681491851
2024-11-11 00:00:00,149.3,143.26611,0.0,0.8230531754032255,0.6841509938240051,0.0968634858727455,0.2189854681491851
2024-11-12 00:00:00,147.22,143.17322,0.0,0.8813260344116569,0.6841509938240051,0.0968634858727455,0.2189854681491851
2024-11-13 00:00:00,146.83,142.64487,0.0,0.8772688253184564,0.6841509938240051,0.0968634858727455,0.2189854681491851
2024-11-14 00:00:00,144.52,142.08415,0.0,0.9285675138322487,0.6841509938240051,0.0968634858727455,0.2189854681491851
2024-11-15 00:00:00,141.84,141.09079,-1.0,0.9780290262440432,0.6841509938240051,0.0968634858727455,0.2189854681491851
2024-11-18 00:00:00,141.94,139.55865,0.0,0.930165829476723,0.6841509938240051,0.0968634858727455,0.2189854681491851
2024-11-19 00:00:00,141.21,138.60739,0.0,0.9236771659067996,0.8150217533111572,0.0824020504951477,0.1025761663913726
2024-11-20 00:00:00,142.88,137.77303,0.0,0.8502353522784551,0.8150217533111572,0.0824020504951477,0.1025761663913726
2024-11-21 00:00:00,144.03,137.30899,0.0,0.8029029465840359,0.8150217533111572,0.0824020504951477,0.1025761663913726
2024-11-22 00:00:00,144.16,137.23401,0.0,0.7968917533449416,0.8150217533111572,0.0824020504951477,0.1025761663913726
2024-11-25 00:00:00,145.39,137.27112,0.0,0.761909623579546,0.8150217533111572,0.0824020504951477,0.1025761663913726
2024-11-26 00:00:00,146.17,137.45256,0.0,0.7443566106980851,0.8150217533111572,0.0824020504951477,0.1025761663913726
2024-11-27 00:00:00,146.95,137.73611,0.0,0.7297980792361625,0.8150217533111572,0.0824020504951477,0.1025761663913726
2024-11-29 00:00:00,147.41,138.04718,0.0,0.7254305036885998,0.8188058733940125,0.1084526032209396,0.0727415233850479
2024-12-02 00:00:00,147.15,138.40773,0.0,0.743628448754811,0.8188058733940125,0.1084526032209396,0.0727415233850479
2024-12-03 00:00:00,146.82,138.54205,0.0,0.7572449625412393,0.8188058733940125,0.1084526032209396,0.0727415233850479
2024-12-04 00:00:00,146.74,138.79655,0.0,0.7670543860829818,0.8188058733940125,0.1084526032209396,0.0727415233850479
2024-12-05 00:00:00,145.1,138.95389,0.0,0.8197621096613822,0.8188058733940125,0.1084526032209396,0.0727415233850479
2024-12-06 00:00:00,144.28,138.78206,0.0,0.8387700503173112,0.8188058733940125,0.1084526032209396,0.0727415233850479
2024-12-09 00:00:00,144.7,138.6634,0.0,0.8229737939023556,0.0652528703212738,0.0126152317970991,0.922131896018982
2024-12-10 00:00:00,144.1,138.63225,0.0,0.8396553643637741,0.0652528703212738,0.0126152317970991,0.922131896018982
2024-12-11 00:00:00,142.14,138.6549,0.0,0.8977978658815987,0.0652528703212738,0.0126152317970991,0.922131896018982
2024-12-12 00:00:00,141.01,138.60583,0.0,0.9294966264204548,0.0652528703212738,0.0126152317970991,0.922131896018982
2024-12-13 00:00:00,140.99,138.514,0.0,0.9273902512715357,0.0652528703212738,0.0126152317970991,0.922131896018982
2024-12-16 00:00:00,139.31,138.5327,-1.0,0.9772052664211418,0.0652528703212738,0.0126152317970991,0.922131896018982
2024-12-17 00:00:00,139.21,138.36058,-1.0,0.9750903356110243,0.0652528703212738,0.0126152317970991,0.922131896018982
2024-12-18 00:00:00,137.32,138.30135,1.0,0.9712215300529232,0.0889078006148338,0.9011539816856384,0.0099382409825921
2024-12-19 00:00:00,136.28,138.08624,0.0,0.94703100657533,0.0889078006148338,0.9011539816856384,0.0099382409825921
2024-12-20 00:00:00,138.0,138.04404,1.0,0.9987085963274377,0.0889078006148338,0.9011539816856384,0.0099382409825921
2024-12-23 00:00:00,138.75,138.35394,-1.0,0.9883854214396994,0.0889078006148338,0.9011539816856384,0.0099382409825921
2024-12-24 00:00:00,139.32,138.83374,-1.0,0.9857401828262465,0.0889078006148338,0.9011539816856384,0.0099382409825921
2024-12-26 00:00:00,139.6,139.28508,-1.0,0.9907648080954455,0.0889078006148338,0.9011539816856384,0.0099382409825921
2024-12-27 00:00:00,138.95,139.34715,1.0,0.988353292963022,0.0889078006148338,0.9011539816856384,0.0099382409825921
2024-12-30 00:00:00,137.24,138.97389,0.0,0.9491527210582389,0.3511231541633606,0.0172371920198202,0.6316396594047546
2024-12-31 00:00:00,137.57,137.88771,1.0,0.9906829744490009,0.3511231541633606,0.0172371920198202,0.6316396594047546
